{
	"format_version": "1.8.0",
	"animations": {
		"shoot": {
			"animation_length": 0.4167,
			"bones": {
				"hexadecagon10": {
					"position": {
						"0.0": {
							"post": [0, 0, 0],
							"lerp_mode": "catmullrom"
						},
						"0.25": {
							"post": [0, 0, 24],
							"lerp_mode": "catmullrom"
						},
						"0.5": {
							"post": [0, 0, 0],
							"lerp_mode": "catmullrom"
						}
					}
				}
			}
		},
		"walk": {
			"loop": true,
			"animation_length": 1,
			"bones": {
				"wheel1": {
					"rotation": {
						"0.0": [0, 0, 0],
						"0.0417": [5.39091, 0, 0],
						"0.0833": [21.45923, 0, 0],
						"0.1667": [68.54077, 0, 0],
						"0.2083": [84.60909, 0, 0],
						"0.25": [90, 0, 0],
						"0.2917": [95.39091, 0, 0],
						"0.3333": [111.45923, 0, 0],
						"0.4167": [158.54077, 0, 0],
						"0.4583": [174.60909, 0, 0],
						"0.5": [180, 0, 0],
						"0.5417": [185.39091, 0, 0],
						"0.5833": [201.45923, 0, 0],
						"0.6667": [248.54077, 0, 0],
						"0.7083": [264.60909, 0, 0],
						"0.75": [270, 0, 0],
						"0.7917": [275.39091, 0, 0],
						"0.8333": [291.45923, 0, 0],
						"0.9167": [338.54077, 0, 0],
						"0.9583": [354.60909, 0, 0],
						"1.0": [360, 0, 0]
					}
				},
				"wheel2": {
					"rotation": {
						"0.0": [0, 0, 0],
						"0.0417": [5.39091, 0, 0],
						"0.0833": [21.45923, 0, 0],
						"0.1667": [68.54077, 0, 0],
						"0.2083": [84.60909, 0, 0],
						"0.25": [90, 0, 0],
						"0.2917": [95.39091, 0, 0],
						"0.3333": [111.45923, 0, 0],
						"0.4167": [158.54077, 0, 0],
						"0.4583": [174.60909, 0, 0],
						"0.5": [180, 0, 0],
						"0.5417": [185.39091, 0, 0],
						"0.5833": [201.45923, 0, 0],
						"0.6667": [248.54077, 0, 0],
						"0.7083": [264.60909, 0, 0],
						"0.75": [270, 0, 0],
						"0.7917": [275.39091, 0, 0],
						"0.8333": [291.45923, 0, 0],
						"0.9167": [338.54077, 0, 0],
						"0.9583": [354.60909, 0, 0],
						"1.0": [360, 0, 0]
					}
				},
				"wheel3": {
					"rotation": {
						"0.0": [0, 0, 0],
						"0.0417": [5.39091, 0, 0],
						"0.0833": [21.45923, 0, 0],
						"0.1667": [68.54077, 0, 0],
						"0.2083": [84.60909, 0, 0],
						"0.25": [90, 0, 0],
						"0.2917": [95.39091, 0, 0],
						"0.3333": [111.45923, 0, 0],
						"0.4167": [158.54077, 0, 0],
						"0.4583": [174.60909, 0, 0],
						"0.5": [180, 0, 0],
						"0.5417": [185.39091, 0, 0],
						"0.5833": [201.45923, 0, 0],
						"0.6667": [248.54077, 0, 0],
						"0.7083": [264.60909, 0, 0],
						"0.75": [270, 0, 0],
						"0.7917": [275.39091, 0, 0],
						"0.8333": [291.45923, 0, 0],
						"0.9167": [338.54077, 0, 0],
						"0.9583": [354.60909, 0, 0],
						"1.0": [360, 0, 0]
					}
				},
				"wheel4": {
					"rotation": {
						"0.0": [0, 0, 0],
						"0.0417": [5.39091, 0, 0],
						"0.0833": [21.45923, 0, 0],
						"0.1667": [68.54077, 0, 0],
						"0.2083": [84.60909, 0, 0],
						"0.25": [90, 0, 0],
						"0.2917": [95.39091, 0, 0],
						"0.3333": [111.45923, 0, 0],
						"0.4167": [158.54077, 0, 0],
						"0.4583": [174.60909, 0, 0],
						"0.5": [180, 0, 0],
						"0.5417": [185.39091, 0, 0],
						"0.5833": [201.45923, 0, 0],
						"0.6667": [248.54077, 0, 0],
						"0.7083": [264.60909, 0, 0],
						"0.75": [270, 0, 0],
						"0.7917": [275.39091, 0, 0],
						"0.8333": [291.45923, 0, 0],
						"0.9167": [338.54077, 0, 0],
						"0.9583": [354.60909, 0, 0],
						"1.0": [360, 0, 0]
					}
				},
				"wheel5": {
					"rotation": {
						"0.0": [0, 0, 0],
						"0.0417": [5.39091, 0, 0],
						"0.0833": [21.45923, 0, 0],
						"0.1667": [68.54077, 0, 0],
						"0.2083": [84.60909, 0, 0],
						"0.25": [90, 0, 0],
						"0.2917": [95.39091, 0, 0],
						"0.3333": [111.45923, 0, 0],
						"0.4167": [158.54077, 0, 0],
						"0.4583": [174.60909, 0, 0],
						"0.5": [180, 0, 0],
						"0.5417": [185.39091, 0, 0],
						"0.5833": [201.45923, 0, 0],
						"0.6667": [248.54077, 0, 0],
						"0.7083": [264.60909, 0, 0],
						"0.75": [270, 0, 0],
						"0.7917": [275.39091, 0, 0],
						"0.8333": [291.45923, 0, 0],
						"0.9167": [338.54077, 0, 0],
						"0.9583": [354.60909, 0, 0],
						"1.0": [360, 0, 0]
					}
				},
				"wheel6": {
					"rotation": {
						"0.0": [0, 0, 0],
						"0.0417": [5.39091, 0, 0],
						"0.0833": [21.45923, 0, 0],
						"0.1667": [68.54077, 0, 0],
						"0.2083": [84.60909, 0, 0],
						"0.25": [90, 0, 0],
						"0.2917": [95.39091, 0, 0],
						"0.3333": [111.45923, 0, 0],
						"0.4167": [158.54077, 0, 0],
						"0.4583": [174.60909, 0, 0],
						"0.5": [180, 0, 0],
						"0.5417": [185.39091, 0, 0],
						"0.5833": [201.45923, 0, 0],
						"0.6667": [248.54077, 0, 0],
						"0.7083": [264.60909, 0, 0],
						"0.75": [270, 0, 0],
						"0.7917": [275.39091, 0, 0],
						"0.8333": [291.45923, 0, 0],
						"0.9167": [338.54077, 0, 0],
						"0.9583": [354.60909, 0, 0],
						"1.0": [360, 0, 0]
					}
				},
				"wheel7": {
					"rotation": {
						"0.0": [0, 0, 0],
						"0.0417": [5.39091, 0, 0],
						"0.0833": [21.45923, 0, 0],
						"0.1667": [68.54077, 0, 0],
						"0.2083": [84.60909, 0, 0],
						"0.25": [90, 0, 0],
						"0.2917": [95.39091, 0, 0],
						"0.3333": [111.45923, 0, 0],
						"0.4167": [158.54077, 0, 0],
						"0.4583": [174.60909, 0, 0],
						"0.5": [180, 0, 0],
						"0.5417": [185.39091, 0, 0],
						"0.5833": [201.45923, 0, 0],
						"0.6667": [248.54077, 0, 0],
						"0.7083": [264.60909, 0, 0],
						"0.75": [270, 0, 0],
						"0.7917": [275.39091, 0, 0],
						"0.8333": [291.45923, 0, 0],
						"0.9167": [338.54077, 0, 0],
						"0.9583": [354.60909, 0, 0],
						"1.0": [360, 0, 0]
					}
				},
				"wheel8": {
					"rotation": {
						"0.0": [0, 0, 0],
						"0.0417": [5.39091, 0, 0],
						"0.0833": [21.45923, 0, 0],
						"0.1667": [68.54077, 0, 0],
						"0.2083": [84.60909, 0, 0],
						"0.25": [90, 0, 0],
						"0.2917": [95.39091, 0, 0],
						"0.3333": [111.45923, 0, 0],
						"0.4167": [158.54077, 0, 0],
						"0.4583": [174.60909, 0, 0],
						"0.5": [180, 0, 0],
						"0.5417": [185.39091, 0, 0],
						"0.5833": [201.45923, 0, 0],
						"0.6667": [248.54077, 0, 0],
						"0.7083": [264.60909, 0, 0],
						"0.75": [270, 0, 0],
						"0.7917": [275.39091, 0, 0],
						"0.8333": [291.45923, 0, 0],
						"0.9167": [338.54077, 0, 0],
						"0.9583": [354.60909, 0, 0],
						"1.0": [360, 0, 0]
					}
				}
			}
		}
	}
}